id,question
0,What is the starting position for Push-Ups?
0,Which muscle groups are activated during Push-Ups?
0,Do I need any equipment to perform Push-Ups?
0,How do I properly lower my body during Push-Ups?
0,What body part is primarily worked by doing Push-Ups?
1,What is the correct stance for performing squats?
1,Which muscles are primarily engaged during squats?
1,How should I position my chest while doing squats?
1,What motion should my body follow when lowering into a squat?
1,Is any equipment needed for performing bodyweight squats?
2,What is the primary muscle group targeted during the plank exercise?
2,Do I need any equipment to perform a plank?
2,How should I position my elbows when starting a plank?
2,What is the correct body alignment for holding a plank?
2,Is the plank exercise categorized as strength or mobility?
3,What is the primary muscle group targeted during the deadlift exercise?
3,How should I position my feet when performing a deadlift?
3,What equipment do I need to execute the deadlift properly?
3,What are the steps to properly lift the barbell during a deadlift?
3,Is the deadlift considered a pull or push exercise?
4,What muscles are primarily targeted by bicep curls?
4,What equipment do I need to perform bicep curls?
4,Can you describe the proper stance for doing bicep curls?
4,How should I position my elbows while performing bicep curls?
4,What type of exercise are bicep curls classified as?
5,What is the main purpose of the Kettlebell Swing exercise?
5,Which muscle groups are primarily targeted when performing the Kettlebell Swing?
5,Can you describe the stance required for the Kettlebell Swing?
5,What equipment do I need to perform the Kettlebell Swing?
5,How do I properly execute the movement of swinging the kettlebell?
6,What are the primary muscle groups targeted by the Shoulder Press exercise?
6,Can I perform the Shoulder Press using other types of equipment besides dumbbells?
6,What is the correct starting position for the Shoulder Press?
6,How should I adjust my grip during the Shoulder Press for better control?
6,What safety tips should I keep in mind while doing the Shoulder Press?
7,What muscles are primarily worked during the Lat Pulldown exercise?
7,Can you explain the proper technique for performing a Lat Pulldown?
7,What type of machine is used for the Lat Pulldown exercise?
7,Which body part benefits most from the Lat Pulldown?
7,Is the Lat Pulldown considered a pushing or pulling exercise?
8,What is the primary purpose of the Hamstring Stretch exercise?
8,Which muscle group is primarily targeted by the Hamstring Stretch?
8,What equipment do I need to perform the Hamstring Stretch?
8,Can the Hamstring Stretch be done without any equipment?
8,What should my body posture be while performing the Hamstring Stretch?
9,What are the primary muscle groups activated during Jumping Jacks?
9,Can Jumping Jacks be done without any equipment?
9,What is the starting position for performing Jumping Jacks?
9,Is Jumping Jacks considered a cardio or strength exercise?
9,How do I properly execute the jumping motion in Jumping Jacks?
10,What is the primary muscle group worked during the Bench Press exercise?
10,What equipment do I need to perform the Bench Press?
10,Can you describe the starting position for the Bench Press?
10,Which body part does the Bench Press primarily target?
10,What is the motion involved in the Bench Press exercise?
11,What muscles are primarily activated during lunges?
11,How should I position my knees while performing lunges?
11,What is the proper way to return to the starting position after a lunge?
11,Is any equipment required to perform lunges effectively?
11,What type of exercise are lunges classified as?
12,What equipment do I need to perform pull-ups?
12,Which muscle groups are activated during pull-ups?
12,Can you explain the correct grip for doing pull-ups?
12,What is the proper form for pulling my body up in this exercise?
12,Is there a specific body part that pull-ups primarily target?
13,What are mountain climbers and how do I perform them?
13,Can you tell me what muscle groups are activated during mountain climbers?
13,Is this exercise more focused on cardio or strength?
13,"Do I need any equipment to do mountain climbers, or can I perform them with just my body weight?"
13,Which body part is primarily targeted when doing mountain climbers?
14,What are the specific instructions for performing Leg Raises?
14,Which muscle groups are primarily activated during Leg Raises?
14,Is any equipment necessary to perform Leg Raises?
14,In what position should my legs be when I lift them during Leg Raises?
14,What type of exercise are Leg Raises classified as?
15,What equipment do I need to perform tricep dips effectively?
15,Which muscle groups are primarily worked during tricep dips?
15,Can tricep dips be performed without any equipment?
15,What is the correct form for lowering my body when doing tricep dips?
15,Is this exercise primarily focused on strength training for the upper body?
16,What is the primary focus of the Russian Twists exercise?
16,How should I position my body when performing Russian Twists?
16,Which equipment do I need for Russian Twists?
16,What muscle groups are targeted during the Russian Twists?
16,Can you explain the movement involved in Russian Twists?
17,What are the main muscle groups activated during burpees?
17,Can you explain the steps involved in performing a burpee?
17,What type of equipment do I need to perform burpees?
17,Is this exercise more cardio-focused or strength-focused?
17,Which body parts are primarily worked by doing burpees?
18,What muscles are targeted when performing Dumbbell Rows?
18,What type of exercise is Dumbbell Rows classified as?
18,What equipment do I need to perform Dumbbell Rows?
18,Can you explain the proper form for Dumbbell Rows?
18,What body part do Dumbbell Rows mainly focus on?
19,What is the primary equipment needed for Goblet Squats?
19,Which part of the body does the Goblet Squat mainly target?
19,Can you explain the proper form for performing a Goblet Squat?
19,What muscle groups are activated during Goblet Squats?
19,Is the Goblet Squat considered a push or pull exercise?
20,What is the proper position to start the Glute Bridge exercise?
20,Which muscle groups are primarily activated during the Glute Bridge?
20,What type of activity is the Glute Bridge classified as?
20,Do I need any equipment to perform the Glute Bridge?
20,What is the movement pattern involved in the Glute Bridge?
21,What is the correct starting position for the Overhead Tricep Extension exercise?
21,Which muscle groups are primarily targeted during the Overhead Tricep Extension?
21,What equipment do I need to perform the Overhead Tricep Extension?
21,Can you explain the steps involved in performing the Overhead Tricep Extension?
21,Is the Overhead Tricep Extension considered a strength training exercise?
22,What position should I be in when performing the Side Plank exercise?
22,Which muscles are targeted during the Side Plank?
22,What body parts does the Side Plank primarily focus on?
22,Do I need any equipment to perform the Side Plank?
22,How should I support my body while holding the Side Plank?
23,What equipment do I need to perform Cable Flyes?
23,Which muscle groups are primarily targeted by Cable Flyes?
23,How should I position my elbows while performing the exercise?
23,Can you describe the starting position for Cable Flyes?
23,What type of exercise is Cable Flyes classified as?
24,What muscles are primarily targeted by Step-Ups?
24,What equipment do I need to perform Step-Ups?
24,Can I do Step-Ups without any weights?
24,What is the proper technique for executing Step-Ups?
24,Is Step-Ups considered a strength or cardio exercise?
25,What primary muscle groups are engaged during Barbell Rows?
25,Can you describe the proper stance for performing Barbell Rows?
25,What is the main movement involved in the Barbell Rows exercise?
25,What part of the body does Barbell Rows primarily target?
25,What equipment do I need to perform Barbell Rows?
26,What equipment do I need to perform the Chest Press exercise?
26,Which part of the body does the Chest Press primarily target?
26,Can you describe the correct form for the Chest Press?
26,What muscle groups are activated during the Chest Press?
26,Is the Chest Press considered a push type of exercise?
27,What are Box Jumps and what type of exercise are they classified as?
27,Which muscle groups are primarily targeted when performing Box Jumps?
27,What equipment do I need to perform Box Jumps effectively?
27,Can you provide me with the proper technique for executing Box Jumps safely?
27,Is this exercise suitable for developing both strength and cardiovascular fitness?
28,What is the primary muscle group activated during Hanging Leg Raises?
28,Can I perform Hanging Leg Raises without any equipment?
28,What is the correct position of my legs when performing this exercise?
28,How should I lower my legs after raising them during Hanging Leg Raises?
28,Is this exercise focused on strength training for the core?
29,What is the primary equipment needed for the Farmer's Walk exercise?
29,Which muscle groups are activated during the Farmer's Walk?
29,Can you describe the proper posture while performing the Farmer's Walk?
29,Is the Farmer's Walk considered a strength or cardio exercise?
29,How should the dumbbells be held during the Farmer's Walk?
30,What equipment do I need to perform calf raises?
30,Which part of my body is primarily worked by calf raises?
30,Can you describe the main technique for doing calf raises?
30,Is calf raises considered a strength training exercise?
30,What muscle group is activated when performing calf raises?
31,What are the main muscle groups activated during Battle Ropes exercises?
31,What type of activity is classified as Battle Ropes?
31,Can you describe the proper technique for performing Battle Ropes?
31,What body part is primarily targeted when using Battle Ropes?
31,Is the Battle Ropes exercise more focused on cardio or strength training?
32,What muscles are primarily targeted during Medicine Ball Slams?
32,How should I perform the Medicine Ball Slam for maximum effectiveness?
32,Is the Medicine Ball Slam classified as a cardio or strength exercise?
32,What type of equipment do I need for the Medicine Ball Slam?
32,Can the Medicine Ball Slam be considered a full body workout?
33,What is the name of the exercise that involves holding dumbbells while standing with feet hip-width apart?
33,Which muscle groups are primarily activated during the Dumbbell Deadlift?
33,Can you explain the steps involved in performing a Dumbbell Deadlift correctly?
33,What type of workout is the Dumbbell Deadlift categorized as?
33,Which part of the body does the Dumbbell Deadlift mainly target?
34,What muscles are primarily activated during the Push Press exercise?
34,Can you describe the starting position for the Push Press?
34,How do I properly use my legs during the Push Press?
34,What type of equipment do I need for the Push Press?
34,Is the Push Press targeted toward the upper body?
35,What type of cardio exercise is a treadmill run?
35,Which muscle groups are primarily engaged during a treadmill run?
35,What body part does the treadmill run focus on?
35,What are the key instructions for performing a treadmill run?
35,Is the treadmill run considered a push or pull exercise?
36,What equipment do I need for the Incline Dumbbell Press exercise?
36,What primary muscle groups are worked when performing the Incline Dumbbell Press?
36,Can you describe the starting position for the Incline Dumbbell Press?
36,Is the Incline Dumbbell Press considered a push or pull exercise?
36,What body part is primarily targeted during the Incline Dumbbell Press?
37,What is the primary muscle group targeted by the Renegade Rows exercise?
37,Do I need any special equipment to perform Renegade Rows?
37,How should I position my body when starting Renegade Rows?
37,What is the main type of activity for Renegade Rows?
37,Which muscle groups are activated during the Renegade Rows?
38,What equipment do I need to perform the Leg Press exercise?
38,Which body part does the Leg Press primarily target?
38,Can you explain the proper form for doing a Leg Press?
38,What muscle groups are activated when performing the Leg Press?
38,How should my feet be positioned on the leg press platform during the exercise?
39,What is the primary muscle group worked during the Cable Tricep Pushdown?
39,Can you describe the starting position for the Cable Tricep Pushdown?
39,What type of equipment do I need to perform the Cable Tricep Pushdown?
39,Is the Cable Tricep Pushdown a strength exercise or a cardio exercise?
39,How should I position my arms during the pushdown movement?
40,What is the primary muscle group targeted by the Single-Leg Deadlift?
40,Can this exercise be performed without any equipment?
40,What is the correct starting position for performing a Single-Leg Deadlift?
40,How do I ensure proper form while lowering the weight in this exercise?
40,What lower body benefits can I expect from regularly doing the Single-Leg Deadlift?
41,What equipment do I need to perform inverted rows?
41,Which muscles are primarily activated during inverted rows?
41,What is the correct form for doing inverted rows?
41,What type of exercise is an inverted row classified as?
41,What part of the body does the inverted row primarily target?
42,What is the primary purpose of the Pallof Press exercise?
42,Which muscle groups are targeted during the Pallof Press?
42,How should I position myself in relation to the cable machine for this exercise?
42,What is the correct starting height for the cable handle when performing the Pallof Press?
42,What technique should I focus on to perform the Pallof Press effectively?
43,What are the primary muscle groups targeted by the Kettlebell Deadlift exercise?
43,Can I perform the Kettlebell Deadlift with a single kettlebell or do I need two?
43,What is the proper stance for the Kettlebell Deadlift regarding foot placement?
43,Are there any specific safety tips I should follow when executing the Kettlebell Deadlift?
43,How should I adjust my form if I feel discomfort in my back while performing the Kettlebell Deadlift?
44,What muscles are activated during Hanging Knee Tucks?
44,How should I perform the Hanging Knee Tucks exercise?
44,What type of equipment do I need for Hanging Knee Tucks?
44,Which body part does Hanging Knee Tucks primarily target?
44,Is Hanging Knee Tucks a strength or cardio exercise?
45,What are Resistance Band Pull Aparts designed to target?
45,Can you describe how to perform Resistance Band Pull Aparts correctly?
45,Which equipment is needed for Resistance Band Pull Aparts?
45,What muscle groups are activated during Resistance Band Pull Aparts?
45,Is Resistance Band Pull Aparts suitable for beginners?
46,What is the main focus of Bulgarian Split Squats in terms of muscle groups?
46,What type of equipment is required to perform Bulgarian Split Squats?
46,Can Bulgarian Split Squats be done without any equipment?
46,What is the correct starting position for Bulgarian Split Squats?
46,How do I perform Bulgarian Split Squats to ensure proper technique?
47,What equipment do I need for the Seated Shoulder Press exercise?
47,Which muscle groups are targeted during the Seated Shoulder Press?
47,Can you describe the correct position for starting the Seated Shoulder Press?
47,How do I know if I'm pressing the weights overhead correctly?
47,Is the Seated Shoulder Press primarily a strength or cardio exercise?
48,What is the primary muscle group targeted by incline push-ups?
48,Can I perform incline push-ups without any equipment?
48,What is the correct positioning of my hands during incline push-ups?
48,Is incline push-up an effective exercise for strengthening the upper body?
48,How do I modify incline push-ups to make them easier or harder?
49,What equipment do I need to perform hip thrusts?
49,Which muscle groups are primarily worked when doing hip thrusts?
49,Can you describe the starting position for hip thrusts?
49,What is the main movement action involved in hip thrusts?
49,Is hip thrust a push or pull exercise?
50,What is the proper grip for performing a Barbell Curl?
50,Which muscle groups are primarily targeted during the Barbell Curl exercise?
50,How should I position my feet while doing a Barbell Curl?
50,Can you describe the movement involved in a Barbell Curl?
50,Is the Barbell Curl classified as a pulling or pushing exercise?
51,What equipment do I need to perform the Cable Row exercise?
51,Which muscle groups will be activated when doing the Cable Row?
51,Can you describe the steps to properly execute the Cable Row?
51,Is the Cable Row classified as a strength training or cardio exercise?
51,Which part of the body does the Cable Row primarily target?
52,What is the correct starting position for the Plank Shoulder Taps exercise?
52,Which muscle groups are primarily engaged during Plank Shoulder Taps?
52,How do I perform the hand tapping motion in this exercise?
52,What type of equipment do I need for Plank Shoulder Taps?
52,Is Plank Shoulder Taps more focused on strength or mobility?
53,What equipment do I need to perform the Dumbbell Lateral Raise?
53,Which muscle group is primarily targeted by the Dumbbell Lateral Raise?
53,Can you describe the starting position for the Dumbbell Lateral Raise?
53,At what height should my arms be raised during the Dumbbell Lateral Raise?
53,Is the Dumbbell Lateral Raise considered a pushing exercise?
54,What is the exercise Wall Sit primarily targeting in the lower body?
54,How should I position my feet while performing a Wall Sit?
54,How long should I aim to hold the Wall Sit position?
54,What angle should my knees be at during the Wall Sit?
54,Is any equipment required for the Wall Sit exercise?
55,What is the starting position for the Spider Plank exercise?
55,Which muscle groups are activated during the Spider Plank?
55,How do I perform the movement in the Spider Plank?
55,Is the Spider Plank a bodyweight exercise or does it require equipment?
55,What body part does the Spider Plank primarily target?
56,What is the correct stance for performing a Sumo Deadlift?
56,Which muscles are primarily activated during the Sumo Deadlift?
56,How should my hands be positioned when grasping the barbell?
56,What type of equipment is required for the Sumo Deadlift?
56,Can you describe the movement involved in lifting the barbell during this exercise?
57,What is the primary muscle group activated during the Single Arm Dumbbell Row?
57,Which position should I assume when performing the Single Arm Dumbbell Row?
57,What type of equipment do I need for the Single Arm Dumbbell Row?
57,Is the Single Arm Dumbbell Row classified as a push or pull exercise?
57,Can you explain how to correctly perform the Single Arm Dumbbell Row?
58,What are the main muscle groups targeted by the Kettlebell Clean and Press exercise?
58,Can you explain the form I should maintain while swinging the kettlebell?
58,"Is this exercise suitable for beginners, or should I have some prior experience?"
58,How does the Kettlebell Clean and Press benefit my full-body strength?
58,What is the proper sequence of movements for performing the Kettlebell Clean and Press?
59,What type of exercise is jump rope classified as?
59,Which equipment do I need to perform jump rope?
59,What muscle groups are primarily activated when I do jump rope?
59,Are there specific instructions I should follow while jumping rope?
59,Does jump rope work on multiple body parts or just one?
60,What is the proper technique for performing a side lunge?
60,Which muscle groups are primarily engaged during the side lunge?
60,Do I need any equipment to do the side lunge exercise?
60,How should I position my legs during the side lunge?
60,Is the side lunge considered a strength exercise?
61,What is the primary muscle group targeted by the Machine Chest Fly exercise?
61,Can you explain the steps involved in performing the Machine Chest Fly?
61,Is the Machine Chest Fly considered a strength training exercise?
61,What type of equipment do I need to perform the Machine Chest Fly?
61,Which part of the body does the Machine Chest Fly primarily work on?
62,What muscles are primarily worked during the Hack Squat exercise?
62,How do I perform a Hack Squat on the machine?
62,Is the Hack Squat considered a push exercise?
62,Which body parts are targeted by the Hack Squat?
62,What type of equipment do I need for the Hack Squat?
63,What is the correct body position for performing decline push-ups?
63,Which muscle groups are primarily activated during decline push-ups?
63,Do I need any equipment to perform decline push-ups?
63,How should I lower my body during the exercise?
63,What type of exercise are decline push-ups classified as?
64,What equipment do I need to perform the Band Face Pull exercise?
64,Which muscle groups are primarily targeted by the Band Face Pull?
64,Can you explain the correct form for doing a Band Face Pull?
64,What type of activity is the Band Face Pull classified as?
64,Where should I attach the resistance band for this exercise?
65,What is the primary muscle group worked during the Ab Wheel Rollout exercise?
65,Can you describe the correct body position to start the Ab Wheel Rollout?
65,Is the Ab Wheel Rollout primarily a push or pull exercise?
65,What equipment do I need to perform the Ab Wheel Rollout?
65,How do I ensure my core remains engaged while rolling the wheel forward?
66,What is the primary purpose of performing side leg raises?
66,Which muscle groups are primarily activated during side leg raises?
66,Can side leg raises be performed without any equipment?
66,What position should my legs be in while doing side leg raises?
66,How should I execute the movement of lifting my leg during side leg raises?
67,What muscles are primarily engaged during the Romanian Deadlift exercise?
67,What type of equipment do I need to perform a Romanian Deadlift?
67,Can you explain the instructions for executing the Romanian Deadlift step by step?
67,Is the Romanian Deadlift primarily a pull or push exercise?
67,Which body part does the Romanian Deadlift mainly target?
68,What is the primary muscle group targeted by the Arnold Press?
68,Can you describe how to properly execute the Arnold Press?
68,What type of equipment do I need for the Arnold Press?
68,Which body part does the Arnold Press primarily work?
68,Is the Arnold Press considered a push or pull exercise?
69,What type of equipment do I need to perform the Landmine Press?
69,Which muscle groups are primarily activated during the Landmine Press?
69,Can you explain how to execute the Landmine Press correctly?
69,"Is the Landmine Press suitable for both arms, or just one?"
69,What type of activity is the Landmine Press classified as?
70,What type of exercise are tuck jumps classified as?
70,What body part do tuck jumps primarily target?
70,Do I need any equipment to perform tuck jumps?
70,What muscles are activated when I do tuck jumps?
70,Can you describe the correct form for performing tuck jumps?
71,What is the proper starting position for performing Windshield Wipers?
71,Which muscles are primarily engaged during Windshield Wipers?
71,Can Windshield Wipers be done without any equipment?
71,How should I move my legs while doing Windshield Wipers?
71,Is Windshield Wipers suitable for beginners in strength training?
72,What muscles are primarily targeted when performing Dumbbell Shrugs?
72,How should I position my dumbbells when doing Dumbbell Shrugs?
72,Can you provide a step-by-step guide on how to perform Dumbbell Shrugs correctly?
72,What type of equipment do I need for Dumbbell Shrugs?
72,Is there a specific posture I should maintain during Dumbbell Shrugs?
73,What is the primary purpose of the Sled Push exercise?
73,Which muscle groups are targeted when performing a Sled Push?
73,What equipment do I need to do a Sled Push?
73,Can the Sled Push be classified as both a cardio and strength exercise?
73,What are the key form tips to remember while doing a Sled Push?
74,What is the primary muscle group targeted during the Cable Bicep Curl?
74,Which equipment do I need to perform the Cable Bicep Curl?
74,Can you provide the steps to correctly execute the Cable Bicep Curl?
74,"Is the Cable Bicep Curl considered a pull exercise, and why?"
74,What body part does the Cable Bicep Curl primarily work on?
75,What is the main muscle group targeted by the Dumbbell Kickback exercise?
75,Can you explain the proper form for performing a Dumbbell Kickback?
75,What type of equipment do I need to perform the Dumbbell Kickback?
75,Is the Dumbbell Kickback primarily a pushing or pulling type of exercise?
75,Which body part does the Dumbbell Kickback primarily focus on?
76,What is the primary body part targeted by Flutter Kicks?
76,Is any equipment required to perform Flutter Kicks?
76,Can you describe the correct position to start Flutter Kicks?
76,Which muscle groups are activated during Flutter Kicks?
76,What type of exercise classification do Flutter Kicks fall under?
77,What muscles are primarily activated when performing high knees?
77,Is high knees considered a bodyweight exercise or does it require equipment?
77,Can you describe the proper technique for executing high knees?
77,Which body parts are engaged during high knees?
77,What type of exercise is high knees categorized as: cardio or strength?
78,What are the main muscle groups targeted by Sledgehammer Slams?
78,"Can I perform Sledgehammer Slams on any surface, or do I need something specific?"
78,What kind of equipment do I need to do Sledgehammer Slams?
78,What type of activity do Sledgehammer Slams fall under?
78,Is Sledgehammer Slams primarily a cardio or strength exercise?
79,What is the primary body part targeted during Lateral Step-Ups?
79,Do I need any equipment to perform Lateral Step-Ups?
79,Can you explain the proper technique for executing Lateral Step-Ups?
79,Which muscles are primarily activated when doing Lateral Step-Ups?
79,Is Lateral Step-Ups classified as a strength or cardio exercise?
80,What is the primary focus of the Cable Chest Press exercise?
80,Which equipment do I need to perform the Cable Chest Press?
80,What are the main muscle groups targeted by the Cable Chest Press?
80,Can you explain the correct form for the Cable Chest Press?
80,Is the Cable Chest Press an upper body or lower body exercise?
81,What equipment do I need to perform TRX Rows?
81,Which muscle groups are primarily worked during the TRX Rows exercise?
81,Can you provide step-by-step instructions for executing TRX Rows?
81,What part of the body does the TRX Rows primarily target?
81,Is the TRX Rows exercise categorized as a push or pull exercise?
82,What is the primary muscle group worked during Medicine Ball Russian Twists?
82,What equipment do I need to perform Medicine Ball Russian Twists?
82,Can you explain how to properly position my body while doing this exercise?
82,What is the main movement involved in the Medicine Ball Russian Twists?
82,Is this exercise more beneficial for strength or endurance training?
83,What is the proper starting position for the Pendlay Row with a barbell?
83,Which muscle groups are primarily worked during the Pendlay Row exercise?
83,Can you explain the correct form for rowing the barbell to my torso?
83,What type of equipment is required to perform the Pendlay Row?
83,Is the Pendlay Row focused more on pulling or pushing motions?
84,What is the main focus of the Side Plank with Leg Lift exercise?
84,Can you describe the correct position to start the Side Plank with Leg Lift?
84,Which muscle groups are primarily worked during the Side Plank with Leg Lift?
84,What equipment do I need to perform the Side Plank with Leg Lift?
84,How do I execute the movement in the Side Plank with Leg Lift?
85,"What type of exercise is hip abduction, and what muscles does it target?"
85,How do I perform the hip abduction exercise on the machine?
85,What equipment do I need to do the hip abduction exercise?
85,"Is hip abduction primarily a lower body exercise, and which muscle groups are activated?"
85,Do I push or pull during the hip abduction exercise?
86,What type of exercise is the Dumbbell Front Raise?
86,What equipment do I need to perform the Dumbbell Front Raise?
86,Which part of the body does the Dumbbell Front Raise target?
86,Can you describe the instructions for performing a Dumbbell Front Raise?
86,What muscle group is primarily activated during the Dumbbell Front Raise?
87,What type of exercise are chin-ups classified as?
87,What muscles are primarily worked during chin-ups?
87,Do I need any equipment to perform chin-ups?
87,What grip should I use for chin-ups?
87,Can you explain the proper form for performing a chin-up?
88,What is the Box Squat exercise primarily targeting in the lower body?
88,Can you explain the step-by-step instructions for performing a Box Squat?
88,What type of equipment do I need for the Box Squat?
88,"Is the Box Squat considered a push exercise, and if so, why?"
88,Which muscle groups are activated during the Box Squat?
89,What is the primary exercise being performed in this workout?
89,What type of equipment do I need for the Battle Rope Waves exercise?
89,Which muscle groups are activated while performing Battle Rope Waves?
89,Can you explain the basic instructions for executing Battle Rope Waves?
89,Is Battle Rope Waves considered a cardio or strength exercise?
90,What is the primary muscle group worked during the Zercher Squat?
90,How should I hold the barbell for the Zercher Squat?
90,What position should my thighs be in at the lowest point of the squat?
90,Is the Zercher Squat considered a push or pull exercise?
90,What type of equipment do I need for performing the Zercher Squat?
91,What is the technique for performing Walking Lunges correctly?
91,Which muscle groups are primarily worked during Walking Lunges?
91,Do I need any equipment to perform Walking Lunges?
91,Is Walking Lunges categorized as a strength exercise or a cardiovascular exercise?
91,What body parts are targeted when doing Walking Lunges?
92,What type of exercise is the Kettlebell Snatch?
92,Which equipment do I need to perform the Kettlebell Snatch?
92,What muscle groups are primarily worked during the Kettlebell Snatch?
92,Can you describe the movement involved in the Kettlebell Snatch?
92,What part of the body does the Kettlebell Snatch target?
93,What is the proper starting position for the Single-Leg Glute Bridge exercise?
93,Which muscle groups does the Single-Leg Glute Bridge primarily activate?
93,Do I need any equipment to perform the Single-Leg Glute Bridge?
93,What movement is involved in the Single-Leg Glute Bridge exercise?
93,Can you describe how to correctly execute the lift during the Single-Leg Glute Bridge?
94,What type of equipment do I need for TRX Push-Ups?
94,Which muscle groups are targeted during TRX Push-Ups?
94,What is the main body part focused on when performing TRX Push-Ups?
94,Can you describe the proper form for executing a TRX Push-Up?
94,Is TRX Push-Ups considered a strength exercise?
95,What is the primary muscle group worked during the Machine Leg Curl?
95,Can you explain how to perform the Machine Leg Curl correctly?
95,What type of fitness equipment is needed for the Machine Leg Curl?
95,Which body part does the Machine Leg Curl primarily target?
95,Is the Machine Leg Curl considered a strength training exercise?
96,What equipment do I need for the incline bench press?
96,Which muscle groups does the incline bench press target?
96,Can you describe the correct position for performing the incline bench press?
96,Is the incline bench press primarily a push or pull exercise?
96,What is the general technique for lifting the barbell during the incline bench press?
97,What equipment do I need for the Resistance Band Deadlift?
97,Which muscle groups are worked during the Resistance Band Deadlift?
97,How should I position my feet when performing the exercise?
97,What is the primary motion involved in the Resistance Band Deadlift?
97,Can you describe the starting position for the Resistance Band Deadlift?
98,What equipment do I need for the Decline Bench Press?
98,Which muscles are primarily worked during the Decline Bench Press?
98,Can you detail the steps to perform the Decline Bench Press correctly?
98,What body part does the Decline Bench Press primarily target?
98,Is the Decline Bench Press considered a push-type exercise?
99,What is the correct way to perform a Dumbbell Step-Up?
99,Which muscle groups are primarily engaged during the Dumbbell Step-Up?
99,"Do I need to use dumbbells for the Dumbbell Step-Up, or can I perform it without weights?"
99,Is the Dumbbell Step-Up considered a push or pull exercise?
99,Which part of the body does the Dumbbell Step-Up primarily target?
100,What type of exercise is the Cable Lateral Raise?
100,Which body part does the Cable Lateral Raise primarily target?
100,What kind of equipment do I need to perform the Cable Lateral Raise?
100,Can you explain the proper technique for doing the Cable Lateral Raise?
100,What muscle groups are activated during the Cable Lateral Raise?
101,What type of exercise is the Reverse Lunge classified as?
101,Which muscle groups are targeted by the Reverse Lunge?
101,What is the primary form of equipment needed to perform a Reverse Lunge?
101,Can you explain the body positioning required during a Reverse Lunge?
101,Is the Reverse Lunge primarily a push or pull exercise?
102,What is the correct position for doing Toe Touches?
102,Which muscle groups are targeted during the Toe Touches exercise?
102,Do I need any equipment to perform Toe Touches?
102,How long should I hold the position while doing Toe Touches?
102,Can you describe the motion involved in Toe Touches?
103,What is the correct starting position for the Machine Leg Extension?
103,How do I properly execute the leg extension movement?
103,Which muscle group does the Machine Leg Extension primarily target?
103,Is there a specific machine I need to use for the leg extension exercise?
103,Is this exercise suitable for beginners looking to strengthen their lower body?
104,What is the main focus of the Dumbbell Pullover exercise?
104,Which equipment do I need to perform the Dumbbell Pullover?
104,Can you explain how to execute the Dumbbell Pullover step by step?
104,Which muscle groups does the Dumbbell Pullover target?
104,What position should I be in while doing the Dumbbell Pullover?
105,What is the main muscle group targeted by the Barbell Shrug exercise?
105,What type of equipment do I need to perform the Barbell Shrug?
105,Can you describe the posture I should maintain while doing the Barbell Shrug?
105,Is the Barbell Shrug primarily a strength exercise or a cardio exercise?
105,What is the correct way to execute the movement in the Barbell Shrug?
106,What is the primary muscle group worked by the T-Bar Row exercise?
106,Can you describe how to properly perform the T-Bar Row?
106,What type of equipment do I need to do the T-Bar Row?
106,Is the T-Bar Row considered a strength or cardio exercise?
106,Which body part does the T-Bar Row primarily target?
107,What is the proper stance for performing Bulgarian Deadlifts with dumbbells?
107,Which equipment do I need to perform the Bulgarian Deadlift?
107,What muscles are primarily worked during the Bulgarian Deadlift exercise?
107,Can you explain the movement process involved in executing the Bulgarian Deadlift?
107,"Is the Bulgarian Deadlift considered a strength exercise, and what type of activity does it fall under?"
108,What is the primary muscle group targeted by the pistol squat?
108,Can I perform the pistol squat without any equipment?
108,What position should my body be in when I'm at the lowest point of the pistol squat?
108,Which leg do I stand on while performing the pistol squat?
108,How do I know if I am doing the pistol squat correctly?
109,What is the primary muscle group activated during the Seated Leg Curl exercise?
109,Can you explain the correct form for performing the Seated Leg Curl on a machine?
109,What type of exercise is the Seated Leg Curl classified as?
109,Which body part does the Seated Leg Curl primarily target?
109,What is the movement type involved in the Seated Leg Curl exercise?
110,What is the primary purpose of the Russian Kettlebell Swing in a workout regimen?
110,Which muscle groups are primarily engaged when performing the Russian Kettlebell Swing?
110,What equipment do I need to perform the Russian Kettlebell Swing?
110,Can you explain the correct form for executing the Russian Kettlebell Swing?
110,Is the Russian Kettlebell Swing considered a cardio or strength exercise?
111,What is the primary muscle group targeted during the Incline Dumbbell Curl exercise?
111,What equipment do I need to perform the Incline Dumbbell Curl?
111,Can you describe the proper seating position for doing the Incline Dumbbell Curl?
111,What motion should I perform with the weights during the Incline Dumbbell Curl?
111,Is the Incline Dumbbell Curl meant to be a pushing or pulling exercise?
112,What is the correct position to start doing Decline Sit-Ups?
112,Which muscle groups are primarily activated during this exercise?
112,Is any specific equipment required for performing Decline Sit-Ups?
112,What part of the body does the Decline Sit-Up primarily target?
112,How do I perform the sit-up correctly on a decline bench?
113,What is the starting position for Side Plank Dips?
113,Which muscles are primarily targeted during this exercise?
113,Do I need any equipment to perform Side Plank Dips?
113,How do I correctly execute the movement in Side Plank Dips?
113,What type of exercise is Side Plank Dips classified as?
114,What is the primary focus of the Single Arm Kettlebell Swing exercise?
114,Which equipment is required to perform the Single Arm Kettlebell Swing?
114,Can you describe the movement involved in the Single Arm Kettlebell Swing?
114,What muscle groups are activated during the Single Arm Kettlebell Swing?
114,Is the Single Arm Kettlebell Swing considered a push exercise?
115,What are the primary muscle groups targeted by jumping squats?
115,Can jumping squats be performed with no equipment?
115,What is the correct technique for landing after a jump?
115,Is jumping squats more effective for cardio or strength training?
115,How should I position my body when I lower into a squat?
116,What is the Cable Chest Fly and what type of exercise is it?
116,Which equipment do I need to perform the Cable Chest Fly?
116,Which part of the body does the Cable Chest Fly primarily target?
116,Could you describe the steps to execute the Cable Chest Fly correctly?
116,What muscle groups are activated during the Cable Chest Fly exercise?
117,What equipment do I need for the Dumbbell Tricep Extension?
117,Which muscle group does the Dumbbell Tricep Extension primarily target?
117,Can you describe the starting position for the Dumbbell Tricep Extension?
117,What is the main movement involved in the Dumbbell Tricep Extension?
117,Is the Dumbbell Tricep Extension considered a push exercise?
118,What is the primary body part targeted by the leg curl exercise?
118,Can you describe how to properly perform the leg curl on the machine?
118,Which muscle group is primarily activated during the leg curl?
118,What type of exercise is the leg curl classified as?
118,Is the leg curl a pulling or pushing exercise?
119,What body position should I start in for the one-arm push-up?
119,Which muscles are primarily worked during the one-arm push-up?
119,How far should I lower my body during this exercise?
119,What is the technique for positioning my non-working arm?
119,Is the one-arm push-up suitable for beginners?
120,What is the name of the exercise that targets the deltoids and triceps using a machine?
120,Can you describe the steps involved in performing the Machine Shoulder Press?
120,Which muscle groups are primarily activated by the Machine Shoulder Press?
120,What type of fitness activity does the Machine Shoulder Press fall under?
120,Is the Machine Shoulder Press considered a push or pull exercise?
121,What is the proper stance for a sumo squat in terms of foot placement?
121,Which muscle groups are primarily activated during the sumo squat?
121,How should I position my body while lowering into the squat?
121,Is any equipment required to perform a sumo squat?
121,What movement should I focus on when pushing back up from the squat?
122,What type of exercise is the Resistance Band Squat classified as?
122,Which body part is primarily targeted by performing Resistance Band Squats?
122,How should I position my feet while doing Resistance Band Squats?
122,What muscle groups are activated when I perform the Resistance Band Squat?
122,What is the correct way to hold the resistance band during this exercise?
123,What muscles are primarily targeted by the One-Legged Squat exercise?
123,What is the correct starting position for performing a One-Legged Squat?
123,How low should I lower my hips during the One-Legged Squat?
123,Is any equipment necessary to perform the One-Legged Squat?
123,Can the One-Legged Squat help improve my balance and stability?
124,What is the correct way to set up a Landmine Row using a barbell?
124,Which muscle groups are primarily targeted during the Landmine Row exercise?
124,Can you explain the movement involved in performing a Landmine Row?
124,Is the Landmine Row more focused on the upper body or lower body?
124,What type of activity does the Landmine Row fall under?
125,What is the purpose of the Superman Exercise in my workout routine?
125,Which muscle groups are engaged during the Superman Exercise?
125,Can the Superman Exercise be done without any equipment?
125,What is the correct position for my arms during the Superman Exercise?
125,How do I properly lower my body after holding the Superman position?
126,What is the primary muscle group worked during Dumbbell Flyes?
126,Can you explain the proper starting position for performing Dumbbell Flyes?
126,How should I control the weights during the lowering phase of the Dumbbell Flyes?
126,What type of equipment do I need to perform Dumbbell Flyes effectively?
126,Is it safe to perform Dumbbell Flyes if I have previous shoulder injuries?
127,What is the primary muscle group worked by the Reverse Fly exercise?
127,Can I perform the Reverse Fly using weights other than dumbbells?
127,What is the starting position for the Reverse Fly exercise?
127,How should I position my feet while doing the Reverse Fly?
127,What part of the body do I target while doing the Reverse Fly?
128,What equipment do I need to perform Cable Kickbacks?
128,Which muscle groups are targeted by Cable Kickbacks?
128,Can you explain the proper technique for executing Cable Kickbacks?
128,What body part does the Cable Kickback primarily focus on?
128,Is there a specific type of exercise classification for Cable Kickbacks?
129,What equipment do I need to perform the Kettlebell Push Press?
129,Which muscle groups are primarily worked during the Kettlebell Push Press?
129,Can you explain the steps for executing the Kettlebell Push Press correctly?
129,Is the Kettlebell Push Press primarily a strength or aerobic exercise?
129,What body part does the Kettlebell Push Press focus on?
130,What are the primary muscle groups targeted during the Dead Bug exercise?
130,Can you describe the initial position required before starting the Dead Bug?
130,How should I maintain my back position while performing the Dead Bug?
130,"Is any equipment necessary for the Dead Bug exercise, and if so, what kind?"
130,What type of exercise classification does the Dead Bug fall under?
131,What is the primary muscle group targeted during the Smith Machine Squat?
131,How should my body be positioned when performing a Smith Machine Squat?
131,What equipment do I need to perform the Smith Machine Squat?
131,What is the correct depth for the squat in this exercise?
131,Can you explain the movement pattern for the Smith Machine Squat?
132,What is the primary muscle group targeted by the Reverse Hyperextension exercise?
132,Can you explain the setup required to perform the Reverse Hyperextension on the machine?
132,What is the correct position of the body while performing this exercise?
132,How do you execute the movement for the Reverse Hyperextension correctly?
132,Is this exercise more suited for beginners or advanced users in strength training?
133,What equipment do I need for the Landmine Twist exercise?
133,Which muscle groups are primarily activated when performing the Landmine Twist?
133,How should I position my body while doing the Landmine Twist?
133,What is the main movement involved in the Landmine Twist exercise?
133,Why is it important to keep my core tight during the Landmine Twist?
134,What muscles are primarily targeted when performing the Machine Row exercise?
134,What is the starting position for the Machine Row on the rowing machine?
134,Can you describe the movement pattern involved in the Machine Row exercise?
134,What type of fitness activity does the Machine Row fall under?
134,Is the Machine Row exercise suitable for strengthening the upper body?
135,What equipment do I need to perform the Seated Calf Raise exercise?
135,Which specific muscle groups does the Seated Calf Raise target?
135,Can you describe the correct positioning for my feet during the Seated Calf Raise?
135,What type of activity classification does the Seated Calf Raise fall under?
135,How should I execute the movement in the Seated Calf Raise exercise?
136,What muscle groups are primarily activated during the Kettlebell Windmill exercise?
136,Can you explain the proper way to hold the kettlebell while performing the Kettlebell Windmill?
136,What body part is most engaged when doing the Kettlebell Windmill?
136,Is the Kettlebell Windmill classified as a strength exercise?
136,What position should my arms be in during the Kettlebell Windmill?
137,What muscles are primarily targeted during the Incline Barbell Bench Press?
137,Can you describe the setup for performing the Incline Barbell Bench Press?
137,What is the correct way to perform the Incline Barbell Bench Press?
137,"Is the Incline Barbell Bench Press a strength exercise, and what type of equipment is needed?"
137,Which part of the body is mainly worked when doing the Incline Barbell Bench Press?
138,What is the correct way to hold the kettlebell during the Goblet Squat?
138,Which muscles are primarily targeted when performing Kettlebell Goblet Squats?
138,Can you explain the proper movement for squatting in this exercise?
138,Is the Goblet Squat considered a push or pull type of exercise?
138,What body part does the Kettlebell Goblet Squat primarily work on?
139,What muscles are primarily worked when performing Dumbbell Thrusters?
139,Can you explain the correct form for executing a Dumbbell Thruster?
139,What type of activity is categorized as Dumbbell Thrusters?
139,What equipment is needed to perform Dumbbell Thrusters?
139,Which body parts are engaged during Dumbbell Thrusters?
140,What is the primary body part targeted during the Lying Leg Curl exercise?
140,Can you explain how to properly perform the Lying Leg Curl?
140,What type of equipment is required for the Lying Leg Curl?
140,Which muscle groups are activated while doing the Lying Leg Curl?
140,Is the Lying Leg Curl considered a strength activity or a cardio activity?
141,What is the proper stance for performing a Dumbbell Hammer Curl?
141,Which muscle groups are primarily worked during the Dumbbell Hammer Curl?
141,How should I hold the dumbbells while performing this exercise?
141,What type of grip is used for the Dumbbell Hammer Curl?
141,Can you describe the motion involved in the Dumbbell Hammer Curl?
142,What equipment do I need to perform the Landmine Squat Press?
142,Which body parts are targeted by the Landmine Squat Press exercise?
142,Can you explain the proper form for doing a Landmine Squat Press?
142,What muscle groups are activated during the Landmine Squat Press?
142,Is the Landmine Squat Press primarily a pushing exercise?
143,What is the proper stance for performing the Zottman Curl?
143,Which muscles are primarily targeted during the Zottman Curl?
143,How should I hold the dumbbells during the exercise?
143,What is the sequence of movements for the Zottman Curl?
143,Do I need any special equipment to perform the Zottman Curl?
144,What type of exercise is the Cable Crunch classified as?
144,Which equipment do I need to perform the Cable Crunch?
144,What body part does the Cable Crunch primarily target?
144,Can you describe how to properly perform the Cable Crunch?
144,Which muscle group is activated during the Cable Crunch?
145,What is the Stability Ball Pike exercise primarily designed to strengthen?
145,How do I properly execute the Stability Ball Pike starting position?
145,Which muscles are activated when performing the Stability Ball Pike?
145,What equipment is required to perform the Stability Ball Pike?
145,What is the initial position for the Stability Ball Pike before rolling the ball?
146,What is the primary muscle group worked during the Standing Calf Raise exercise?
146,Can I perform the Standing Calf Raise without any equipment?
146,What is the correct positioning for my feet when doing this exercise?
146,How high should I raise my heels during the Standing Calf Raise?
146,What type of activity does the Standing Calf Raise fall under?
147,What is the primary muscle group targeted by the Cable Kickback exercise?
147,What type of equipment is required to perform a Cable Kickback?
147,Can you describe the starting position for the Cable Kickback?
147,Is the Cable Kickback exercise a pull or push movement?
147,Which body part is primarily engaged during the Cable Kickback?
148,What is the starting position for Spider Push-Ups?
148,Which muscle groups do Spider Push-Ups engage?
148,How do I perform the movement in Spider Push-Ups?
148,Is any equipment required to do Spider Push-Ups?
148,What type of exercise classification does Spider Push-Ups fall under?
149,What type of exercise is the Resistance Band Chest Press?
149,Which muscle groups are primarily activated during the Resistance Band Chest Press?
149,How should I set up the resistance band for this exercise?
149,What is the movement direction of the Resistance Band Chest Press?
149,What equipment do I need to perform the Resistance Band Chest Press?
150,What specific muscle groups are targeted during the One-Arm Dumbbell Row exercise?
150,Can you explain the correct positioning of the body when performing a One-Arm Dumbbell Row?
150,What type of equipment is needed to perform the One-Arm Dumbbell Row?
150,Is the One-Arm Dumbbell Row considered a strength exercise?
150,How do you ensure proper form to avoid injury during this exercise?
151,What is the proper position on the bench for the Incline Chest Press?
151,Which muscles are primarily targeted during the Incline Chest Press?
151,Can you explain the movement involved in the Incline Chest Press?
151,What type of equipment do I need for the Incline Chest Press?
151,Is the Incline Chest Press considered a push or pull exercise?
152,What is the primary muscle group worked by the Machine Preacher Curl?
152,How should I position my arms while using the preacher curl machine?
152,What is the correct motion for performing the curl on this machine?
152,Is the Machine Preacher Curl considered a strength exercise or a cardio exercise?
152,What part of the body does the Machine Preacher Curl primarily target?
153,What is the correct way to perform Hanging Knee Raises?
153,Which muscle groups are primarily targeted by Hanging Knee Raises?
153,Do I need any equipment to do Hanging Knee Raises?
153,What part of the body do Hanging Knee Raises focus on?
153,Is the Hanging Knee Raise considered a strength exercise?
154,What equipment do I need for the Decline Dumbbell Press?
154,Which muscle groups are primarily worked during this exercise?
154,What position should I be in while performing the Decline Dumbbell Press?
154,How should I lower the dumbbells during this exercise?
154,What type of activity is the Decline Dumbbell Press categorized as?
155,What is the proper starting position for the Glute Kickback exercise?
155,Which muscle groups are primarily targeted by the Glute Kickback?
155,How should I execute the movement to effectively engage my glutes?
155,Is any equipment required to perform the Glute Kickback exercise?
155,What type of exercise is the Glute Kickback classified as?
156,What type of exercise is the Machine Chest Press?
156,Which body parts are primarily targeted by the Machine Chest Press?
156,What are the key instructions for performing the Machine Chest Press correctly?
156,What type of equipment do I need to perform the Machine Chest Press?
156,Which muscle groups are activated during the Machine Chest Press?
157,What is the proper way to position my legs when doing a Single-Leg Squat?
157,Which muscle groups are primarily targeted by the Single-Leg Squat exercise?
157,Can I perform the Single-Leg Squat without any equipment?
157,How low should I lower my hips during the Single-Leg Squat?
157,Is the Single-Leg Squat considered a strength exercise?
158,What is the starting position for the Push-Up to Row exercise?
158,Which muscle groups are primarily activated during the Push-Up to Row?
158,What type of equipment do I need for the Push-Up to Row?
158,Is the Push-Up to Row a strength exercise?
158,What movements are involved in the Push-Up to Row?
159,What are the primary muscle groups worked during the Smith Machine Row?
159,Can you describe the starting position for the Smith Machine Row?
159,What type of exercise is the Smith Machine Row classified as?
159,What equipment is required to perform the Smith Machine Row?
159,How should my body be positioned while rowing the bar?
160,What muscles are primarily worked with the Lat Pullover?
160,What equipment do I need to perform the Lat Pullover exercise?
160,Can you describe the starting position for the Lat Pullover?
160,How do I execute the movement for the Lat Pullover?
160,What type of exercise is the Lat Pullover classified as?
161,What equipment do I need to perform the Smith Machine Shoulder Press?
161,Which muscle groups are targeted when doing the Smith Machine Shoulder Press?
161,Can you describe the proper starting position for the Smith Machine Shoulder Press?
161,What is the main action involved in the Smith Machine Shoulder Press?
161,Is this exercise primarily for the upper body or lower body?
162,What is the primary muscle group targeted by the Cable Woodchopper exercise?
162,Can you describe how to set up the Cable Woodchopper correctly?
162,What type of equipment do I need for performing the Cable Woodchopper?
162,Is the Cable Woodchopper considered a strength or cardio exercise?
162,What motion does the Cable Woodchopper involve?
163,What muscles are primarily targeted by the Machine Back Extension exercise?
163,Can you describe the correct posture for performing the Machine Back Extension?
163,What equipment do I need to perform the Machine Back Extension exercise?
163,How should I position my feet while using the back extension machine?
163,Is the Machine Back Extension more beneficial for the lower back or the glutes?
164,What equipment do I need for the Prone Leg Curl exercise?
164,Which muscle groups are primarily worked during the Prone Leg Curl?
164,Can you explain the steps involved in performing a Prone Leg Curl?
164,What body part does the Prone Leg Curl specifically target?
164,Is the Prone Leg Curl considered a strength training exercise?
165,What muscles are primarily worked during the Seated Dumbbell Press?
165,Can I perform the Seated Dumbbell Press with kettlebells instead of dumbbells?
165,What is the correct starting position for the Seated Dumbbell Press?
165,How far should I press the dumbbells in the Seated Dumbbell Press?
165,Is the Seated Dumbbell Press suitable for beginners?
166,What is the Weighted Plank exercise and how is it performed?
166,Which muscle groups are engaged during the Weighted Plank?
166,What type of equipment is needed to do the Weighted Plank?
166,How should my body be positioned while performing the Weighted Plank?
166,Is the Weighted Plank considered a strength training exercise?
167,What is the main machine used for the Step Mill exercise?
167,Which body parts are primarily worked during the Step Mill?
167,Can you describe the movement required for the Step Mill?
167,What muscle groups are activated when performing the Step Mill?
167,Is the Step Mill considered a cardio or strength exercise?
168,What is the primary muscle group worked during the Standing Resistance Band Row?
168,What type of activity is the Standing Resistance Band Row categorized as?
168,How should I position my elbows while performing this exercise?
168,What type of equipment is required to do the Standing Resistance Band Row?
168,Where should the resistance band be attached before starting the exercise?
169,What muscle groups does the Dumbbell Lunge target?
169,How do I properly perform a Dumbbell Lunge?
169,What equipment do I need for the Dumbbell Lunge exercise?
169,Is the Dumbbell Lunge a push or pull type of exercise?
169,Which body part is primarily worked during the Dumbbell Lunge?
170,What is the primary muscle group targeted by the reverse curl exercise?
170,What grip should I use when performing a reverse curl with dumbbells?
170,How should my feet be positioned during the reverse curl exercise?
170,Can you describe the correct way to hold the dumbbells for the reverse curl?
170,Is the reverse curl considered a strength exercise or a cardio exercise?
171,What equipment do I need to perform a Banded Pull-Up?
171,Which muscle groups are activated during the Banded Pull-Up exercise?
171,How do I position the resistance band for the Banded Pull-Up?
171,What part of the body does the Banded Pull-Up primarily target?
171,Can you describe the steps to execute a proper Banded Pull-Up?
172,What equipment do I need to perform the Cable Face Pull exercise?
172,Which muscle groups are primarily activated during the Cable Face Pull?
172,Can you guide me on the correct form for pulling the handle during this exercise?
172,Is the Cable Face Pull considered a strength exercise or a cardio workout?
172,What body part does the Cable Face Pull mainly target?
173,What is the proper starting position for the Turkish Get-Up exercise?
173,Which equipment is needed to perform the Turkish Get-Up?
173,What muscles are primarily activated during the Turkish Get-Up?
173,Can the Turkish Get-Up be performed without weights?
173,What is the significance of keeping the kettlebell overhead during the movement?
174,What is the main muscle group targeted during Weighted Russian Twists?
174,What type of equipment do I need for Weighted Russian Twists?
174,Can you explain how to properly perform the Weighted Russian Twist exercise?
174,Is the Weighted Russian Twist considered a strength or cardio exercise?
174,What position should my body be in when performing Weighted Russian Twists?
175,What is the primary muscle group targeted by the Cable Front Raise exercise?
175,What type of exercise is the Cable Front Raise classified as?
175,How should I position the cable machine handle before starting the Cable Front Raise?
175,What should be the arm position when I complete the raise in the Cable Front Raise?
175,Which part of the body does the Cable Front Raise mainly work on?
176,What body position should I start from when doing the Reverse Crunch?
176,Which muscle groups are primarily activated during the Reverse Crunch exercise?
176,Do I need any equipment to perform the Reverse Crunch?
176,What is the main motion involved in the Reverse Crunch?
176,Is the Reverse Crunch considered a strength training exercise?
177,What is the primary muscle group worked during the Cable Tricep Kickback?
177,What equipment do I need to perform a Cable Tricep Kickback?
177,Can you explain the starting position for the Cable Tricep Kickback?
177,Is the Cable Tricep Kickback classified as a push-type exercise?
177,How do I properly execute the movement for the Cable Tricep Kickback?
178,What is the Copenhagen Plank and how does it work my muscles?
178,Which muscle groups are primarily targeted when performing the Copenhagen Plank?
178,Can you describe the proper positioning for my legs during the Copenhagen Plank?
178,What body parts are engaged when I hold the Copenhagen Plank position?
178,Do I need any equipment other than my body to perform the Copenhagen Plank?
179,What specific body parts are targeted during the Smith Machine Incline Press?
179,Can you explain how to properly position myself on the incline bench for this exercise?
179,What muscle groups are activated when performing the Smith Machine Incline Press?
179,Is the Smith Machine Incline Press primarily for pushing strength?
179,What are the basic instructions for executing the Smith Machine Incline Press correctly?
180,What is the primary muscle group targeted during the Cable Lat Pulldown exercise?
180,How should I position my hands while performing the Cable Lat Pulldown?
180,What body part does the Cable Lat Pulldown primarily focus on?
180,Can you explain how to properly execute the Cable Lat Pulldown movement?
180,What type of equipment is needed to perform the Cable Lat Pulldown exercise?
181,What equipment do I need to perform the Cable Side Lunge?
181,Which muscle groups are engaged during the Cable Side Lunge?
181,Can you provide me with the steps to correctly perform a Cable Side Lunge?
181,Is the Cable Side Lunge primarily a strength exercise or cardio?
181,What body part does the Cable Side Lunge target most effectively?
182,What equipment do I need to perform the Dumbbell Bent-Over Row?
182,Which muscle groups are specifically activated during this exercise?
182,Can you explain the proper stance for the Dumbbell Bent-Over Row?
182,Is this exercise primarily for the upper body or lower body?
182,What is the main type of activity for the Dumbbell Bent-Over Row?
183,What is the primary movement involved in a lateral lunge?
183,Which muscle groups are primarily worked during the lateral lunge exercise?
183,"Do I need any equipment to perform a lateral lunge, or is it bodyweight only?"
183,"Can the lateral lunge target both legs equally, or does it focus more on one side?"
183,What is the proper form for executing a lateral lunge correctly?
184,What is the primary muscle group targeted by the Seated Machine Row exercise?
184,Can you explain how to properly perform the Seated Machine Row?
184,What type of equipment do I need for the Seated Machine Row?
184,Which part of the body does the Seated Machine Row focus on?
184,Is the Seated Machine Row considered a strength or aerobic exercise?
185,What is the Decline Russian Twist and what does it target?
185,How do I position my body when performing the Decline Russian Twist?
185,Do I need any equipment to do the Decline Russian Twist exercise?
185,Which muscle groups are primarily worked during the Decline Russian Twist?
185,Can you tell me the proper technique for the Decline Russian Twist?
186,What is the primary equipment needed for the Deadlift High Pull exercise?
186,Which muscle groups are specifically targeted during this exercise?
186,Can you describe the starting position for the Deadlift High Pull?
186,What type of activity is the Deadlift High Pull classified as?
186,What is the initial movement involved in performing a Deadlift High Pull?
187,What is the correct grip for the Reverse Grip Lat Pulldown?
187,Which muscle groups are primarily targeted during this exercise?
187,How should I position my body while performing the Reverse Grip Lat Pulldown?
187,What equipment do I need to perform the Reverse Grip Lat Pulldown?
187,Can you describe the steps for executing the Reverse Grip Lat Pulldown?
188,How do I perform the Cable Lateral Lunge exercise correctly?
188,What equipment do I need to do the Cable Lateral Lunge?
188,Which muscle groups are activated during the Cable Lateral Lunge?
188,Is the Cable Lateral Lunge a push or pull exercise?
188,What part of the body does the Cable Lateral Lunge primarily target?
189,What is the starting position for the Pike Push-Up exercise?
189,Which muscle groups are primarily activated during the Pike Push-Up?
189,How do you correctly perform the Pike Push-Up movement?
189,What type of equipment do I need for doing Pike Push-Ups?
189,Is the Pike Push-Up targeting the upper body or lower body?
190,What equipment do I need to perform the One-Arm Dumbbell Snatch?
190,Which body parts are targeted by the One-Arm Dumbbell Snatch exercise?
190,What type of exercise is the One-Arm Dumbbell Snatch categorized as?
190,Can you explain the proper starting position for the One-Arm Dumbbell Snatch?
190,What are the main muscle groups activated during the One-Arm Dumbbell Snatch?
191,What equipment do I need to perform the Cable Front Squat?
191,Which body parts are primarily targeted by the Cable Front Squat exercise?
191,Can you describe the setup for the Cable Front Squat?
191,What is the correct positioning of the rope handle during the exercise?
191,Is the Cable Front Squat classified as a push or pull exercise?
192,What is the Tire Flip exercise primarily targeting in terms of muscle groups?
192,Can you explain the proper technique for performing a Tire Flip?
192,What equipment do I need to perform the Tire Flip exercise?
192,"Is the Tire Flip considered a strength exercise, and how does it benefit full-body fitness?"
192,Which body parts are most engaged during the Tire Flip exercise?
193,What equipment do I need to perform the Smith Machine Calf Raise?
193,Which part of the body does the Smith Machine Calf Raise primarily target?
193,Can you explain the steps for performing the Smith Machine Calf Raise?
193,What type of exercise is the Smith Machine Calf Raise classified as?
193,How is the movement executed during the Smith Machine Calf Raise?
194,What is the primary purpose of the Pistol Squat to Box exercise?
194,Which muscle groups are targeted during the Pistol Squat to Box movement?
194,What type of equipment do I need for performing the Pistol Squat to Box?
194,Can the Pistol Squat to Box help improve my lower body strength?
194,How do I perform the Pistol Squat to Box correctly?
195,What is the primary muscle group worked during the Standing Chest Fly?
195,Do I need any specific equipment for the Standing Chest Fly exercise?
195,Could you explain the correct starting position for the Standing Chest Fly?
195,Is the Standing Chest Fly considered a push or pull exercise?
195,What part of the body does the Standing Chest Fly target?
196,What is the Sled Drag and what type of exercise is it?
196,Which muscle groups does the Sled Drag primarily target?
196,What equipment do I need to perform the Sled Drag exercise?
196,How do I properly perform the Sled Drag exercise?
196,Should I walk or run while dragging the sled during the exercise?
197,What is the primary muscle group worked during the Cable Hammer Curl exercise?
197,What type of equipment is necessary for performing Cable Hammer Curls?
197,Can you explain the grip used while performing this exercise?
197,What type of activity does the Cable Hammer Curl fall under?
197,Which body part is primarily targeted with Cable Hammer Curls?
198,What is the correct starting position for the Cable Tricep Overhead Extension?
198,Which muscle group is primarily targeted by the Cable Tricep Overhead Extension exercise?
198,How should I adjust the cable machine for the best performance during this exercise?
198,Can you describe the proper movement technique for the Cable Tricep Overhead Extension?
198,"Is this exercise suitable for beginners, or should more experienced individuals perform it?"
199,What is the primary muscle group activated during the Seated Cable Row exercise?
199,How should I position my feet while using the cable row machine?
199,What is the correct form for pulling the handle towards my torso?
199,Should I use a specific grip style for the Seated Cable Row?
199,Is the Seated Cable Row considered a strength training exercise?
200,What specific muscles are targeted by the Lying Dumbbell Tricep Extension exercise?
200,What equipment do I need to perform the Lying Dumbbell Tricep Extension?
200,Can you describe the correct starting position for the Lying Dumbbell Tricep Extension?
200,What is the primary motion involved in the Lying Dumbbell Tricep Extension?
200,Is the Lying Dumbbell Tricep Extension considered a push or pull exercise?
201,What type of exercise is a Weighted Pull-Up classified as?
201,Which muscle groups are primarily targeted by performing Weighted Pull-Ups?
201,What equipment do I need to perform a Weighted Pull-Up?
201,Can you explain the proper technique for executing a Weighted Pull-Up?
201,What body part is primarily worked during Weighted Pull-Ups?
202,What is the Incline Dumbbell Row specifically targeting in terms of muscle groups?
202,Can you explain the proper form and technique for performing the Incline Dumbbell Row?
202,What equipment do I need to perform the Incline Dumbbell Row exercise?
202,Is the Incline Dumbbell Row primarily a strength exercise or can it also improve endurance?
202,Which body part does the Incline Dumbbell Row primarily work on?
203,What type of exercise is the Machine Lat Pulldown?
203,Which body parts are primarily targeted by the Machine Lat Pulldown?
203,Can you describe the proper technique for performing the Machine Lat Pulldown?
203,What equipment do I need to perform the Machine Lat Pulldown exercise?
203,What muscle groups are activated during the Machine Lat Pulldown?
204,What type of exercise is the One-Arm Cable Row considered?
204,Which equipment do I need for performing the One-Arm Cable Row?
204,What major muscle groups are activated during the One-Arm Cable Row?
204,How should I position my body when doing the One-Arm Cable Row?
204,Is this exercise primarily a pulling movement or pushing movement?
205,What is the primary muscle group targeted when performing face pulls?
205,Can you describe the correct setup for the face pull exercise?
205,What type of equipment do I need to perform face pulls?
205,How should I position my elbows during the face pull?
205,What body part is primarily worked when doing face pulls?
206,What is the primary body part targeted by the Dumbbell Bench Press?
206,Which muscles are activated during the Dumbbell Bench Press?
206,Can I perform the Dumbbell Bench Press with different weights?
206,What equipment do I need for the Dumbbell Bench Press?
206,What is the proper position to start the Dumbbell Bench Press?
